patient,walk,vid_name,direction,crop,detector,cadence,avgMOS,avgminMOS,timeoutMOS,avgstepwidth,CVstepwidth,CVsteptime,SIStepTime,stepsofwalk,skel_id,fps,start_frame,num_frames_in_trajectory
AMB65,2019_06_12__13_58_33_ID_78_state_4,AMB65.2019_06_12__13_58_33_ID_78_state_4.csv,forward,,alphapose,81.3490284131518,0.341628031651023,0.247626433127335,0,0.818853420825275,0.190846265308479,0.370154511699799,34.052757793765,18,NaN,30,1,415
AMB65,2019_06_18__14_04_31_ID_71_state_5,AMB65.2019_06_18__14_04_31_ID_71_state_5.csv,forward,,alphapose,83.1564435302099,0.269998401595809,0.188493500570815,0.00968523002421308,0.699789685677783,0.190032337010604,0.600706225831849,30.1624129930394,19,NaN,30,1,451
AMB65,2019_06_18__14_06_18_ID_71_state_4,AMB65.2019_06_18__14_06_18_ID_71_state_4.csv,forward,,alphapose,81.5078960774325,0.321345009823823,0.226027222613,0,0.778578530519803,0.244599929874267,0.428107942658646,30.2702702702703,16,NaN,30,1,416
