patient,walk,vid_name,direction,crop,detector,cadence,avgMOS,avgminMOS,timeoutMOS,avgstepwidth,CVstepwidth,CVsteptime,SIStepTime,stepsofwalk,skel_id,fps,start_frame,num_frames_in_trajectory
AMB65,2019_06_12__13_58_33_ID_78_state_4,AMB65.2019_06_12__13_58_33_ID_78_state_4.csv,forward,,alphapose,81.5023601725133,0.324904075200845,0.231729427136665,0,0.796889912187267,0.150780084248794,0.428107942658646,30.2702702702703,16,NaN,30,1,415
AMB65,2019_06_18__14_04_31_ID_71_state_5,AMB65.2019_06_18__14_04_31_ID_71_state_5.csv,forward,,alphapose,81.4995925020375,0.412080778820279,0.228626839772779,0.0028169014084507,0.711283830858086,0.186235136437076,0.428107942658646,30.2702702702703,16,NaN,30,1,451
AMB65,2019_06_18__14_06_18_ID_71_state_4,AMB65.2019_06_18__14_06_18_ID_71_state_4.csv,forward,,alphapose,81.5078960774325,0.321345009823823,0.226027222613,0,0.778578530519803,0.244599929874267,0.428107942658646,30.2702702702703,16,NaN,30,1,416
