patient,walk,vid_name,direction,crop,detector,cadence,avgMOS,avgminMOS,timeoutMOS,avgstepwidth,CVstepwidth,CVsteptime,SIStepTime,stepsofwalk,skel_id,fps,start_frame,num_frames_in_trajectory
AMB65,2019_06_12__13_58_33_ID_78_state_4,AMB65.2019_06_12__13_58_33_ID_78_state_4.csv,forward,,detectron,83.8717693836978,0.323430558484542,0.209075663772619,0,0.809893721114807,0.200185617033381,0.5806961335469,35.6435643564356,18,NaN,30,1,404
AMB65,2019_06_18__14_04_31_ID_71_state_5,AMB65.2019_06_18__14_04_31_ID_71_state_5.csv,forward,,detectron,83.5617844105962,0.280115831077855,0.19927652995046,0.024330900243309,0.697341726506835,0.226116718677795,0.604083642165092,26.5734265734266,19,NaN,30,1,453
AMB65,2019_06_18__14_06_18_ID_71_state_4,AMB65.2019_06_18__14_06_18_ID_71_state_4.csv,forward,,detectron,81.5078960774325,0.322483392426723,0.227528509553341,0.00845070422535211,0.769627873644515,0.237215339737121,0.430961498768747,25.9459459459459,16,NaN,30,1,413
