patient,walk,vid_name,direction,crop,detector,cadence,avgMOS,avgminMOS,timeoutMOS,avgstepwidth,CVstepwidth,CVsteptime,SIStepTime,stepsofwalk,skel_id,fps,start_frame,num_frames_in_trajectory
AMB65,2019_06_12__13_58_33_ID_78_state_4,AMB65.2019_06_12__13_58_33_ID_78_state_4.csv,forward,,detectron,81.5023601725133,0.317146265902614,0.228371552952301,0,0.795374693053815,0.181512810691319,0.430961498768747,25.9459459459459,16,NaN,30,1,404
AMB65,2019_06_18__14_04_31_ID_71_state_5,AMB65.2019_06_18__14_04_31_ID_71_state_5.csv,forward,,detectron,81.4995925020375,0.413631482415288,0.182693548410989,0,0.713978973952686,0.22088345827913,0.430961498768747,25.9459459459459,16,NaN,30,1,453
AMB65,2019_06_18__14_06_18_ID_71_state_4,AMB65.2019_06_18__14_06_18_ID_71_state_4.csv,forward,,detectron,81.5078960774325,0.322483392426723,0.227528509553341,0.00845070422535211,0.769627873644515,0.237215339737121,0.430961498768747,25.9459459459459,16,NaN,30,1,413
