patient,walk,vid_name,direction,crop,detector,cadence,avgMOS,avgminMOS,timeoutMOS,avgstepwidth,CVstepwidth,CVsteptime,SIStepTime,stepsofwalk,skel_id,fps,start_frame,num_frames_in_trajectory
AMB65,2019_06_12__13_58_33_ID_78_state_4,AMB65.2019_06_12__13_58_33_ID_78_state_4.csv,forward,,openpose,86.5962576832954,0.434072048267048,0.137259321475821,0,0.944595231996628,0.225357610724595,1.7796111328315,183.132530120482,17,NaN,30,1,403
AMB65,2019_06_18__14_04_31_ID_71_state_5,AMB65.2019_06_18__14_04_31_ID_71_state_5.csv,forward,,openpose,86.5933170334148,0.367514090803533,0.0968423658221457,0,0.883998239799673,0.259578440395173,1.7796111328315,183.132530120482,17,NaN,30,1,443
AMB65,2019_06_18__14_06_18_ID_71_state_4,AMB65.2019_06_18__14_06_18_ID_71_state_4.csv,forward,,openpose,86.602139582272,0.38680227650255,0.0892831846543629,0.0309859154929577,0.864507886139747,0.275653103022867,1.7796111328315,183.132530120482,17,NaN,30,1,412
