patient,walk,vid_name,direction,crop,detector,cadence,avgMOS,avgminMOS,timeoutMOS,avgstepwidth,CVstepwidth,CVsteptime,SIStepTime,stepsofwalk,skel_id,fps,start_frame,num_frames_in_trajectory
AMB65,2019_06_12__13_58_33_ID_78_state_4,AMB65.2019_06_12__13_58_33_ID_78_state_4.csv,forward,,openpose,94.630590214496,0.399618583157637,0.182467706876828,0,0.922009640442732,0.216204330557483,1.9938012459831,139.72602739726,18,NaN,30,1,403
AMB65,2019_06_18__14_04_31_ID_71_state_5,AMB65.2019_06_18__14_04_31_ID_71_state_5.csv,forward,,openpose,83.0111399412558,0.321200136192876,0.0955322066269294,0.0153061224489796,0.913881470900095,0.275992646848461,1.84108052907456,197.818181818182,18,NaN,30,1,443
AMB65,2019_06_18__14_06_18_ID_71_state_4,AMB65.2019_06_18__14_06_18_ID_71_state_4.csv,forward,,openpose,86.602139582272,0.38680227650255,0.0892831846543629,0.0309859154929577,0.864507886139747,0.275653103022867,1.7796111328315,183.132530120482,17,NaN,30,1,412
